,Tweets,Label
0,"Hari Natal tahun ini tidak seperti tahun-tahun lalu ketika keceriaan dan keriaan akhir tahun menyelimuti kehidupan negeri kita. Pandemi telah mengubah banyak hal dan memberi banyak pelajaran.

Semoga kedamaian, keselamatan, dan keberkahan senantiasa mengiringi langkah kita semua. ",0
1,"Dengan internet, informasi panduan penanganan pasien Covid-19 sampai ke Puskesmas di Pulau Weh, Sabang. 

Dan di akhir Desember 2020, pemerintah akan menuntaskan penyediaan akses internet di seluruh fasilitas pelayanan kesehatan yang membutuhkan optimalisasi layanan internet. ",0
2,"Hari ini, secara resmi saya melantik enam menteri yang telah saya perkenalkan kemarin, lima wakil menteri baru Kabinet Indonesia Maju, disusul dengan pelantikan Kepala Badan Narkotika Nasional dan Kepala Badan Restorasi Gambut dan Mangrove di Istana Negara. 

Selamat bekerja. ",0
3,"Sore yang cerah tadi, ketika saya mengumumkan enam nama calon menteri baru anggota Kabinet Indonesia Maju. 

Mereka yang akan saya lantik besok yakni Tri Rismaharini, Sandiaga Salahuddin Uno, Budi Gunadi Sadikin, Yaqut Cholil Qoumas, Sakti Wahyu Trenggono, dan Muhammad Lutfi. ",0
4,"Yang lalu biarlah berlalu, menjadi kenangan, juga pelajaran. Kita menatap hari esok dengan tekad, semangat, dan memancang harapan yang baru. ",0
5,"Tahun ini segera berlalu, tapi akan selalu teringat. Tahun ketika dunia dihentak pandemi. Di tahun ini pula, ibu saya tercinta berpulang. Ibu yang selalu hadir, menguatkan, dan mendoakan langkah saya. 

Salam hormat kepada para ibu dan segenap perempuan Indonesia. ",0
6,"Pengucapan sumpah anggota Komisi Yudisial masa jabatan 2020-2025 digelar hari ini di Istana Negara. Tujuh anggota Komisi Yudisial itu adalah Joko Sasmito, M. Taufiq HZ, Binziad Kadafi, Sukma Violetta, Amzulian Rifai, Mukti Fajar Nur Dewata, dan Siti Nurdjanah.

Selamat bekerja. ",0
7,"Peluncuran awal Pelabuhan Patimban ditandai dengan ekspor perdana 140 mobil merek Toyota, Daihatsu, dan Suzuki dengan Kapal MV Suzuka Express dengan tujuan Brunei Darussalam. 

Pelabuhan ini akan memperkuat keberadaan Pelabuhan Tanjung Priok di Jakarta yang sudah terlalu padat. ",0
8,"Di suasana pandemi ini, pembangunan Pelabuhan Internasional Patimban fase pertama, salah satu proyek strategis nasional telah selesai. 

Pelabuhan Patimban di Subang, Jawa Barat menjadi salah satu pelabuhan terbesar di Indonesia yang disiapkan mendukung kegiatan ekspor dan impor. ",0
9,"Tri Mumpuni mengembangkan kemandirian masyarakat di kawasan terpencil melalui pembangkit listrik tenaga mikro hidro (PLTMH). Melalui IBEKA, Ibu Tri membangun setidaknya 65 PLTMH di desa-desa di berbagai pelosok Nusantara.",0
10,"Prof. Adi Utarini memimpin uji coba teknologi yang membantu memberantas demam berdarah, penyakit yang menyerang hingga 400 juta orang di dunia setiap tahun. Hasil penelitian Prof. Adi Utarini dan tim, mengurangi kasus demam berdarah hingga 77% di beberapa kota besar di Indonesia.",0
11,"Kabar gembira, tentang prestasi dua ilmuwan Indonesia, Ibu Adi Utarini dan Ibu Tri Mumpuni.

Prof. Adi Utarini masuk daftar ""Natureâ€™s 10: Ten People Who Helped Shape Science in 2020"" dari jurnal sains Nature. Sementara Tri Mumpuni termasuk 22 Most Influential Muslim Scientists. ",0
12,"Macam-macam cara mengisi waktu di rumah selama pandemi. Bekerja, membaca, berolahraga, atau menggeluti aneka hobi baru bersama keluarga.  

Selamat berakhir pekan. ",0
13,"Kita terus membangun infrastruktur digital yang lengkap dan menjangkau seluruh wilayah Indonesia. Mari kita manfaatkan untuk hal-hal yang positif. 

Mengisinya dengan penuh tanggung jawab, termasuk mengisi pemberitaan di media sosial dengan keteduhan dan kesejukan. ",0
14,"Konektivitas fisik dan digital akan semakin memperkokoh persatuan dan kesatuan bangsa Indonesia. Selain itu, juga bisa dimanfaatkan untuk berbagi pengalaman dalam membangun daerah dan desa, mengingat ada 75 ribu desa, 514 kabupaten/kota, yang tersebar di 34 provinsi di Indonesia.",0
15,"Makin lama kuliah di matematika, makin gak ada angka :"") WKWKKWKWKWKW ",0
16,"Heran sama orang yang bisa ngomong ""cocok sama ini, gak cocok sama itu"" cuma berdasarkan apa yang ada di media sosial.

Yang di medsos sama di dunia nyata seringkali berbeda :)",0
17, awkawkwakakwawkkaw,0
18,banyak kerjaan tapi rasanya ga mood buat ngerjain aaaaa,0
19,capek bgt,0
20,helo,0
21,: MASAK PAKE RUMUS FISIKA &amp; MATEMATIKA! Ft. Jessica Jane  selamat menonton! Seru banget jiwa ,0
22,ada yang baru tapi bukan kamu,0
23,MASAK PAKE RUMUS FISIKA &amp; MATEMATIKA! Ft. Jessica Jane  selamat menonton! Seru banget jiwa ,0
24,Adem... terharu banget ,0
25," terharu banget :"") makasih banyak pak!",0
26,selamat malam natal~,0
27,oh ternyata begini rasanya,0
28,â˜ºï¸,0
29,@_initari: Boljug lah ini humornya wkwkwk,0
30,  ğŸ˜‚ğŸ˜‚ğŸ˜‚ mari taruhan pasti umurnya antara 10-16 tahun,0
31,Merry Xmas 2020 ,0
32,"_316 Setelah ngucapin merry christmas suruh coli, emang anda anjing",0
33,Katanya kalo kebangun jam segini artinya they say when you wake up at this hour,0
34,"Sedih karena di 25 desember ini tidak semeriah tahun sebelumnya, tapi senang karna bisa merayakan bersama keluarga

Sungguh âœ¨Bittersweet by Natalâœ¨",0
35,I canâ€™t believe itâ€™s been a year ,0
36,Kayaknya dia berusaha untuk hack dengan cara ini,0
37,"Pas banget gw baru request for verification, terus dapet dm dari ini. Hati2 ya semuanya, terutama para creator di twitter. Ini akunnya  ",0
38,Apakah disini ada yang punya kindle dan setiap mau buka ebook dia ngerestart? I need help :(,0
39,Seneng banget mbak yang kerja di rumah sampai sekarang masih mengucapkan selamat natal walaupun lingkungannya banyak yang sudah tidak ğŸ¥º tolerance is beautiful,0
40,Merry christmas everyoneeee!,0
41,"Tadi pagi gw mimpi selingkuh, terus gw malah cerita ke pacar. Soalnya mimpi buruk banget bangun2 deg-degan. I know sheâ€™s the one, because I can tell her literally everything and sheâ€™ll choose âœ¨logicâœ¨ ",0
42, Sya jga takut kepegang mas anang,0
43,"Fitur Favorit dari Galaxy Note20 apalagi klo bukan Multi Camera + Pro grade video nya yang sampai 8K powerful bgt! buat kalian yg mau ganti ke Galaxy Note20,  lagi ada powerful package tuh! bisa dapetin GalaxyBudsLive atau klik ini deh
",0
44, Bahu jalan: ,0
45,Laperr blm makan malem,0
46,"Hari ini lumayan lelah, pagi-sore kelas, malemnya ada kegiatan penting buat besokğŸ˜™ Hehe tapi seneng bgt bisa produktif!!",0
47,8  WKWKWKKW ğŸ¤£ğŸ¤£ğŸ¤£,0
48, IHHH WKWK sebelll tapi ngakakğŸ˜‚ğŸ˜‚ğŸ˜‚ gpp deh aku rela kok jadi guguknyağŸ¶,0
49,_ Okeeeii thank youâ˜ºï¸,0
50," Hihi aku suka yg inii! ğŸ’–
Boleh aku post di ig gak? Nanti kreditnya aku cantumin di fotonyaa",0
51,_ Baguus! Yg foto pertama &amp; kedua boleh aku post di ig nggak?? hehe nanti nama twittermu aku cantumin di fotonyaa,0
52,"Sayang bgt sama temen2 followers aku di twitter/instagram, jago ngedit  semuağŸ˜‚ love you supporter halu kuğŸ’–",0
53,WKWKWK ngakak liat foto2 editan foto sama seo joonğŸ˜‚ğŸ˜‚ğŸ˜‚ makasih banyakkk hahaha,0
54, Makasih yaaa!!ğŸ˜,0
55,"Aku 2 minggu lagi udh mau masuk libur musim dingin &amp; tahun baru yey!! Habis itu masuk lagi kuliah selama 2 minggu, trs udah deh libur semester/libur musim semi selama 2.5 bulanğŸ˜",0
56,"Btw mulai januari aku bakal rajin ngonten2 lagii, sekarang aku &amp; editor aku dua2nya lagi masa uas, jadinya lelet hehe mohon pengertiannyaaa",0
57,"Maaf baru ngabarin, laptop aku udh bener guys!!! Waktu itu langsung dibenerin papa, akhirnya sembuh &amp; langsung lanjut nugas &amp; alhamdulillah deadlinenya keburuâ˜ºï¸",0
58,Itu foto semalem sih 30 menit sebelum tau laptopku bakal begitu wkwk,0
59,Smile~~~âœŒğŸ» ,0
60,Malming terakhir di 2020 kalian sama siapa? ,0
61,"Lumayan takut sama 2021, tapi ya gimana lagi? Mau gak mau harus semangat uwu &lt;3",0
62,"Ayo ngobrol di  sebentar lagi. Bareng sama ci vini juga, see you! &lt;3",0
63,: Sudah siap untuk kembali ke sekolah? ,0
64,_ Maloe. Terima kasih banyak btw. ğŸ™ˆ,0
65,   CAPEK KETAWA BGT QKEKAKAKKAKA,0
66, YAWLA PAMER BGT MINTA DITABOK :(,0
67,5ia ,0
68,Maap2 ajanih pengen ngeblock banget ğŸ¥² ,0
69, MAU TUKER KADO JG DONG ANDKDNWJNSHWHWJWKSMWHZ,0
70,Kok orang-orang pada uwu ya ,0
71,"1ny99: stream â€œIsi Hatiâ€ sblm dan setelah tidur ğŸƒâ€â™‚ï¸ğŸƒâ€â™‚ï¸ğŸƒâ€â™‚ï¸ğŸƒâ€â™‚ï¸ğŸƒâ€â™‚ï¸ _ 

",0
72,_ @/justanothermisell,0
73,"Giliran udah bikin, bingung mau post apa.... Gimana sih......... ",0
74,Kan ,0
75,Heh benk yannnnn zzzzzzzzz,0
76,Mejuah-juah artinya apa yaa,0
77,"Di Batam, byk supir angkot itu dari Medan, dan mereka dikenal ngeri nyetirnya. Ternyata di tanah Batak, nyetirnya lebih mantaaaaappp wkwkwkwkwkwkwk",0
78,Have a great Saturday yaa semuanya ğŸ™Œ,0
79,Jujur I feel bad for not uploading videos di hari2 libur kyk gini :( eyem sorry,0
80,Udah boker belummm,0
81,Yuk bisa yuk,0
82,Widididiw,0
83,WOAKWOAKWOAKW NGAWUR ,0
84,Merry Christmas ğŸ„ğŸâ¤ï¸ ,0
85," Biar makin tabah benk, gimana? ",0
86, WOKE SIPPPP,0
87,Aku mau dia = Kulo badhe piyambakipun ?,0
88,"Jadi kalo dibandingin sama ngoko,
Piyambakipun = deâ€™e
Piyambakan = dewe/dewean
Gitu ta?",0
89,  Aku jg mau teh pucuk benk,0
90,"""Maen lu kurang jauh""

Bodo amat, enakan juga rebahan",0
91,Lg apa,0
92,   emm (3),0
93, Ditunggu,0
94, Sampe jam 7 malem,0
95,Mood gampang banget berantakan kayak rencana hidup,0
96,Paling susah emang nerima kekurangan sendiri daripada kekurangan orang lain,0
97,  Abis berapa belanjanya,0
98,3  Lah napa malu dah,0
99,Kangen.,0
100,  Ngga mampir ke sekenskuy sih ğŸ˜’,0
101,"Mau ngumpulin orang-orang yang belom pernah menang giveaway merapat

Langsung aja nih ikutan SeriusGiveaway dari , hadiah utamanya PS 5 tuh, kalo menang ngga usah pake filter IG segala biar ngerasa punya, jangan lupa follow dulu akunnya ğŸ‘‡ ",0
102,"Duit abis karna

- Beli pakaian âŒ
- Beli makanan âŒ
- Ngga tau buat apaan âœ…",0
103,"Selera tinggi, salary rendah.",0
104,  Iya,0
105,"Kita harus terus bersatu, jangan sampai di adu domba. Mari kita isi kemerdekaan dengan karya-karya anak bangsa. 

Dirgahayu Republik Indonesia ke-75!!
Merdeka...!!
Merdeka...!!
Merdeka...!! ",0
106,Kemerdekaan kita diraih dengan pengorbanan besar oleh para pendahulu kita. Perayaan kemerdekaan harus menjadi pengingat bahwa banyak pihak yang tidak ingin kita merdeka. HUTRI75,0
107,Persatuan harus menjadi kekuatan utama kita sebagai bangsa agar dapat terwujud cita-cita kemerdekaan Republik Indonesia. Jangan sampai kita diadu domba kembali. Jangan mau kita dibuat untuk selalu berselisih paham sehingga lupa untuk membangun. HUTRI75,0
108,"""Perjuanganku lebih mudah karena melawan penjajah, namun perjuangan kalian akan lebih sulit karena melawan bangsa sendiri."" 

Pesan Bung Karno yang harus selalu kita ingat sebagai generasi penerus bangsa. Generasi yang mengisi kemerdekaan agar rakyat bisa tersenyum.
HUTRI75",0
109,"Assalamuâ€™alaikum Wr. Wb. 

Selamat merayakan Hari Raya Idul Adha 10 Dzulhijah 1441 H. Semoga kita bisa meneladani ketaatan, ketaqwaan Nabi Ibrahim AS dan Nabi Ismail AS serta ibadah kita diterima oleh Allah SWT.

Salam hormat saya untuk keluarga sahabat sekalian. ",0
110,"Kementerian Pertahanan akan terus mendukung upaya peningkatan produksi alutsista dalam negeri, serta mendukung program penelitian dan pengembangan, agar nantinya seluruh hasil produksi dalam negeri dapat mandiri secara utuh. ",0
111,Pada sore hari ini saya dan tim dari PT. PINDAD mencoba kendaraan Rantis 4X4 yang kami beri nama Maung. ,0
112,"Perjuangan buruh melalui parlemen, beberapa anggota dewan Partai Gerindra berasal dari kalangan buruh. Semoga Allah SWT selalu memberikan perlindungan dan bimbingan kepada mereka dalam memperjuangan hak-hak teman buruhnya.

Buruh tulang punggung bangsa.

Selamat Hari Buruh!",0
113,"Pandemik Corona-19 sangat berdampak kepada kehidupan ekonomi para buruh. Tapi saya yakin, teman-teman buruh akan kuat bersatu dalam melewati pandemik Covid-19.",0
114,"Sejarah panjang perjuangan buruh terus berlangsung tanpa kenal menyerah. Perjuangan untuk mendapatkan penghidupan yang layak, kepastian masa depan bagi dirinya dan keluarganya. Buruh bergerak tanpa kenal lelah untuk menopang kebutuhan bangsa.

",0
115,"Selamat menunaikan ibadah puasa ramadan bagi umat muslim, mohon maaf lahir dan batin. ",0
116, Bisa tolong kasih informasi untuk dimana?  mohon bantuan untuk di monitor.,0
117,@_asprasetyo Terima kasih koreksinya.,0
118,_s182 Sejak muda saya mendedikasikan hidup saya untuk bangsa dan negara saya. Menurut saya lebih baik berperan aktif membela kepentingan rakyat dari pada hanya menghujat.,0
119,"Bersama kita hadapi keadaan yang paling buruk sekalipun, dengan ridho Tuhan Yang Maha Kuasa, Allah Subhanahu Wa Ta'ala. Kita bersama-sama akan keluar dari kemelut ini, keluar dari tantangan ini, keluar dari krisis ini, dengan semakin kuat dan semakin bahagia. Aamiin.",0
120,"Urusan perasaan, kalau enggak bisa dibuat gamblang, ujungnya bakal gambling",0
121,"Sengaja bikin channel Youtube baru cuma untuk bikin video-video enggak jelas. Yang ini judulnya, â€œTeman tapi Kayak Setan.â€ Klik link-nya ih kamu kamu

 ",0
122, ğŸ‘€ğŸ‘€,0
123, Apanya yang kecil?,0
124,"Waktu kecil, sering ngerasa capek karena diatur orang dewasa. Sekarang, sering ngerasa capek jadi orang dewasa",0
125, Admin shift pagi emang susah dikasih tau,0
126," Tetot salah. Kalau nikah pake surat, kalau kawin pake urat. Wkwk",0
127, Harus dikasih tebak-tebakan dulu. Apa bedanya nikah dengan kawin?,0
128, Membaik setiap harinya ğŸ¥°,0
129,"Menjadi selebtwit itu fana,
yang abadi aib sirkel retweet-nya",0
130, Kirain mau pantun,0
131, You too Bro,0
132,Kalau ngomong jangan ketinggian. Langit terlalu luas untuk kamu yang serba terbatas,0
133, ğŸ‘€ğŸ‘€,0
134,Kamu bukan jelek. Kamu cuma belum menemukan penikmat yang tepat aja,0
135,... demi meningkatkan kembali kepercayaan para wisatawan agar usaha-usaha masyakarat di sekitar tempat wisata dapat menggeliat dan lapangan kerja tercipta.,0
136,"Untuk itu, kami ingin memastikan protokol CHSE (Cleanliness, Health, Safety, &amp; Environmental) atau K4 (Kebersihan, Kesehatan, Keselamatan, &amp; Keberlanjutan Lingkungan) dapat terimplementasi dengan baik...",0
137,"Para Kepala Dinas sebagai garda depan di sektor pariwisata &amp; ekonomi kreatif sepakat bahwa kita harus GERCEP (Gerak Cepat), GEBER (Gerak Bersama), dan GASPOL dalam mengakselerasi pemulihan pariwisata kita. Karena jutaan masyarakat menggantungkan lapangan kerjanya di sektor ini",0
138,"Terima kasihÂ telah meluangkan waktunya di hari libur ini. Kalau di sektor pariwisata biasanya tanggal merah membawa berkah. Saya senang mendapat laporan bahwa di libur natal dan tahun baru akhir tahun ini, terjadi peningkatan jumlah wisatawan nusantara.",0
139,"Ingin bergerak cepat, hari ini saya melakukan rapat secara virtual dengan para Kepala Dinas yang membidangi Pariwisata dan Ekonomi Kreatif di lebih dari 200 wilayah, baik di tingkat Provinsi maupun Kabupaten/Kota. ",0
140,"Kontribusi sektor pariwisata dan industri kreatif terhadap penciptaan lapangan kerja sangat besar. Kita optimis seiring dengan teratasinya pandemi covid-19, sektor ini pasti segera bangkit dan lapangan kerja kembali terbuka luas. ",0
141,"Terakhir, kolaborasi. Kita harus menggandeng semua pihak. Jutaan lapangan pekerjaan terdampak di sektor pariwisata dan ekonomi kreatif. Ini yang harus kita perjuangkan sehingga lapangan kerja kembali terbuka luas, dan penghasilan masyarakat kembali meningkat.",0
142,"Kedua, adaptasi. Kita harus mampu beradaptasi dengan keadaan pandemi covid-19. Salah satunya dengan terus meningkatkan penerapan â€˜CHSE' atau Cleanliness (Kebersihan), Health (Kesehatan), Safety (Keamanan), dan Environment (Ramah lingkungan).",0
143,"Pertama adalah inovasi. Harus ada perubahan yang mendasar saat kita mengembangkan 5 destinasi super prioritas. Inovasi itu harus dilakukan dari segi infrastruktur, budaya, kuliner, fashion, dan segala hal yang berkaitan dengan pariwisata dan ekonomi kreatif.",0
144,Dalam rapat ini saya menyampaikan tiga hal untuk mempercepat pemulihan pariwisata dan ekonomi kreatif.,0
145,"Tanpa berlama-lama, rapat pertama dengan Wakil Menteri, Sekretaris Kementerian, Staf Ahli dan Deputi di Kemenparekraf langsung kita lakukan seusai prosesi serah terima jabatan. ",0
146,"Mohon doa, dukungan, dan juga kolaborasi dari seluruh masyarakat agar kami di Kementerian ini dapat menjalankan tugas sebaik-baiknya dalam membangkitkan sektor pariwisata dan ekonomi kreatif agar peluang usaha dan lapangan kerja semakin banyak tercipta.",0
147,"Hari ini, baru saja saya menerima amanah, sebuah tanggung jawab besar dari Bapak Presiden Joko Widodo untuk meneruskan perjuangan sahabat baik saya Mas Wishnutama untuk memimpin Kementerian Pariwisata &amp; Ekonomi Kreatif. ",0
148,"Buat kalian semuanya, tolong jaga kesehatan. Patuhi protokol kesehatan dengan baik. Pakai masker dan rajin mencuci tangan.",0
149,"Selamat pagi. Alhamdulillah kemarin saya sudah melakukan tes swab PCR yang kesekian kalinya untuk membuktikan bahwa saya sudah benar2 sembuh dari covid-19. Setelah kurang lebih 2 minggu beristirahat, kini saya sudah bisa melakukan aktivitas seperti biasa, salah satunya lari pagi. ",0
150,"Ho, ho, ho, Merry Christmas! Today, we wish you warm moisturized hands to hold a cup of your favorite winter drink, well-nourished lips for kisses under the mistletoe, and health for you and your loved ones. What are some of the JAFRA goodies you found under the tree? ",1
151,"There's snow place like home! This Christmas eve, we hope you're safe at home relishing tomorrow's big day. Don't forget to leave Kris Kringle milk and cookies before you go to bed! ",1
152,"A bundle of hydration in every bottle. Our Royal Almond Rich Body Oil with Vitamin E pampers and moisturizes the skin leaving it soft, smooth and fresh. Connect with your JAFRA Independent Consultant or shop online:  ",1
153,"Our eyeliner is making headlines! Check out the JAFRA Beauty Liquid Eyeliner Pen featured in this week's Woman's World Magazine for a youthful, old-Hollywood look. Join the trend and add some cat-eye flare to your eyes! ",1
154,": â€œIf I canâ€™t find something nice to wear Iâ€™M NOT GOING ! â€œ -Mr. Grinch ğŸ’šğŸ„

Eyeshadow:  25m
Lashes &amp; Highlightâ€¦",1
155,: Gracias    Son lo MÃ¡ximo!!!!!!    Muchas felicidades !!!!! ,1
156,"We love being a part of special life moments like this one. This holiday season, don't forget to share your special moments with usğŸ’• 

regram
.artistry ",1
157,"You mean snow much to us! 

Check out our JAFRA ROYAL skin care and makeup line that carries our most potent ingredient of all, Royal Jelly RJÃ—. Shop:  ",1
158,Our JAFRA Beauty Glam Night Out limited-edition liquid matte lipstick has a creamy formula that provides pigmented shine and matte perfection. Connect with your JAFRA Independent Consultant or shop online:  ,1
159,"Quench winter dryness with the help of JAFRA ROYAL Boost. This ritual is rich in superfoods, including matcha, watermelon, and citrus fruits. It's a soothing hydration for dry &amp; sensitive skin, powered by Royal Jelly RJÃ—! Shop:  ",1
160,"Let it snow with this holiday offer! Our JAFRA Beauty Lip Trio lets you choose one lip liner or definer, lip gloss and lipstick for $24. PLUS, you'll receive a FREE Let it snow clear gift box. Connect with your JAFRA Independent Consultant or shop online:  ",1
161,A royal treat! Lavish their skin with nourishing moisture from this Royal Almond trio. Get a FREE rose gold coin purse for every trio purchase this month! Connect with your JAFRA Independent Consultant or shop online:  ,1
162, Cranberry Crush!ğŸ¥°,1
163, ğŸ˜ğŸ˜ğŸ˜,1
164,JAFRA goodies tucked under the Christmas tree. Our JAFRA Beauty Collection has all the right products for the makeup artist in the family. They also make good last-minute stocking stuffers! Connect with your JAFRA Independent Consultant or shop online:  ,1
165,"Goodnight BigNice Family

3 Giveaways Open for You to Win

New Giveaways Tomorrow 123",1
166,Winner 14 ğŸ‰ğŸ¥³,1
167,": ğŸ $25 Giveaway ğŸ

ğŸ’¸ Retweet + Reply 123 + Like ğŸ’¸

ğŸ’¥ Follow  + Me ğŸ’¥

â° Ends When I Wake Up â°",1
168,": ğŸ $25 Giveaway ğŸ

ğŸ’¸ Retweet + Reply 123 + Like ğŸ’¸

ğŸ’¥ Follow _gem15 + Me ğŸ’¥

â° Ends When I Wake Up â°",1
169,": ğŸ $50 BigNice Giveaway ğŸ

ğŸ’¸ Retweet + Reply 123 + Like ğŸ’¸

â° Ends in 24hrs â°",1
170,"ğŸ $25 Giveaway ğŸ

ğŸ’¸ Retweet + Reply 123 + Like ğŸ’¸

ğŸ’¥ Follow  + Me ğŸ’¥

â° Ends When I Wake Up â°",1
171,Like This Tweet and Next Tweet is a Giveaway,1
172,Winner  ğŸ‰ğŸ¥³,1
173, Thank You ğŸ˜,1
174, Thank You â™¥ï¸,1
175,"ğŸ $25 Giveaway ğŸ

ğŸ’¸ Retweet + Reply 123 + Like ğŸ’¸

ğŸ’¥ Follow _gem15 + Me ğŸ’¥

â° Ends When I Wake Up â°",1
176,Like This Tweet and Next Tweet is a New BigNice Giveaway,1
177,Winner 11 ğŸ‰ğŸ¥³,1
178,I mean New Giveaways I am going to post soon :),1
179,123 Got 2 More Giveaways Coming Up Tonight!,1
180,12. viu 1 tahun private (req acc) ,1
181,11. viu 1 bulan ,1
182,3ry sini kak aku bsa dm ajaa,1
183,"â—OPEN ORDERâ—
apps premium
ğŸ“ŒNetflix, Spotify, Viu, YouTube, NordVpn, Disney+ Hotstar, dllâœ¨

âœ“legal
âœ“trusted
âœ“full garansi

payment ğŸ’¸ : ovo, dana, gopay, shopeepay, bca

t. jual netflix antihold spotify viu youtube iflix zonaba zonajajan zonauang ",1
184,"â—OPEN ORDERâ—
apps premium
ğŸ“ŒNetflix, Spotify, Viu, YouTube, NordVpn, Disney+ Hotstar, dllâœ¨

âœ“legal
âœ“trusted
âœ“full garansi

payment ğŸ’¸ : ovo, dana, gopay, shopeepay, bca

t. jual netflix antihold spotify viu youtube iflix zonaba zonajajan zonauang ",1
185,"â—OPEN ORDERâ—
apps premium
ğŸ“ŒNetflix, Spotify, Viu, YouTube, NordVpn, Disney+ Hotstar, dllâœ¨

âœ“legal
âœ“trusted
âœ“full garansi

payment ğŸ’¸ : ovo, dana, gopay, shopeepay, bca

t. jual netflix antihold spotify viu youtube iflix zonaba zonajajan zonauang ",1
186,"â—OPEN ORDERâ—
apps premium
ğŸ“ŒNetflix, Spotify, Viu, YouTube, NordVpn, Disney+ Hotstar, dllâœ¨

âœ“legal
âœ“trusted
âœ“full garansi

payment ğŸ’¸ : ovo, dana, gopay, shopeepay, bca

t. jual netflix antihold spotify viu youtube iflix zonaba zonajajan zonauang ",1
187,"â—OPEN ORDERâ—
apps premium
ğŸ“ŒNetflix, Spotify, Viu, YouTube, NordVpn, Disney+ Hotstar, dllâœ¨

âœ“legal
âœ“trusted
âœ“full garansi

payment ğŸ’¸ : ovo, dana, gopay, shopeepay, bca

t. jual netflix antihold spotify viu youtube iflix zonaba zonajajan zonauang ",1
188,,1
189,,1
190, ,1
191,"23 â—READYâ—
PROMO!!! NETFLIX SHARING 1 BULAN 30K AJA FREE IFLIX/VIU 1 BULAN (BISA MILIH MAU FREE YANG MANA)

âœ“legal
âœ“trusted
âœ“full garansi

payment ğŸ’¸ : ovo, dana, gopay, shopeepay, bca ",1
192," aku jual kak, bsa diliat dlu pl nya ",1
193, ,1
194," yuk, diliat dlu pl nya ",1
195,"1 UPDATED PRICELISTâ€¼ï¸â€¼ï¸

NETFLIX 1 MONTH SOLO FULL WARRANTY - 200 PHP

NETFLIX 1 MONTH SHARED FULL WARRANTY - 55 PHP

â¡ï¸LESS HOLD/WIPEOUT
â¡ï¸PRIVATE DOMAIN
â¡ï¸LEGALLY PAID
â¡ï¸GC METHOD",1
196," _nobodyyyyy _ UPDATED PRICELISTâ€¼ï¸â€¼ï¸

NETFLIX 1 MONTH SOLO FULL WARRANTY - 200 PHP

NETFLIX 1 MONTH SHARED FULL WARRANTY - 55 PHP

â¡ï¸LESS HOLD/WIPEOUT
â¡ï¸PRIVATE DOMAIN
â¡ï¸LEGALLY PAID
â¡ï¸GC METHOD",1
197,"_ _nobodyyyyy UPDATED PRICELISTâ€¼ï¸â€¼ï¸

NETFLIX 1 MONTH SOLO FULL WARRANTY - 200 PHP

NETFLIX 1 MONTH SHARED FULL WARRANTY - 55 PHP

â¡ï¸LESS HOLD/WIPEOUT
â¡ï¸PRIVATE DOMAIN
â¡ï¸LEGALLY PAID
â¡ï¸GC METHOD",1
198," UPDATED PRICELISTâ€¼ï¸â€¼ï¸

NETFLIX 1 MONTH SOLO FULL WARRANTY - 200 PHP

NETFLIX 1 MONTH SHARED FULL WARRANTY - 55 PHP

â¡ï¸LESS HOLD/WIPEOUT
â¡ï¸PRIVATE DOMAIN
â¡ï¸LEGALLY PAID
â¡ï¸GC METHOD",1
199," UPDATED PRICELISTâ€¼ï¸â€¼ï¸

NETFLIX 1 MONTH SOLO FULL WARRANTY - 200 PHP

NETFLIX 1 MONTH SHARED FULL WARRANTY - 55 PHP

â¡ï¸LESS HOLD/WIPEOUT
â¡ï¸PRIVATE DOMAIN
â¡ï¸LEGALLY PAID
â¡ï¸GC METHOD",1
200,"22 UPDATED PRICELISTâ€¼ï¸â€¼ï¸

NETFLIX 1 MONTH SOLO FULL WARRANTY - 200 PHP

NETFLIX 1 MONTH SHARED FULL WARRANTY - 55 PHP

â¡ï¸LESS HOLD/WIPEOUT
â¡ï¸PRIVATE DOMAIN
â¡ï¸LEGALLY PAID
â¡ï¸GC METHOD

SUPER LEGIT",1
201,"UPDATED PRICELISTâ€¼ï¸â€¼ï¸

NETFLIX 1 MONTH SOLO FULL WARRANTY - 200 PHP

NETFLIX 1 MONTH SHARED FULL WARRANTY - 55 PHP

â¡ï¸LESS HOLD/WIPEOUT
â¡ï¸PRIVATE DOMAIN
â¡ï¸LEGALLY PAID
â¡ï¸GC METHOD",1
202,"UPDATED PRICELISTâ€¼ï¸â€¼ï¸

NETFLIX 1 MONTH SOLO FULL WARRANTY - 200 PHP

NETFLIX 1 MONTH SHARED FULL WARRANTY - 55 PHP",1
203,super inactive ko na dito aaa :((,1
204,âœ¨ LOOKING FOR ACTIVE RESELLERS âœ¨,1
205,"ONHAND SPOTIFY PREMIUM 3 MONTHS 

â¡ï¸ 55 PHP",1
206,"â€” PRICELISTâ€”

âœ¨NETFLIX PREMIUM SOLOâœ¨

â€¢1 MONTH NO WARRANTY - 100 PHP
â€¢1 MONTH FULL WARRANTY - 230 PHP
â€¢3 MONTHS FULL WARRANTY - 700 PHP

âœ¨NETFLIX PREMIUM SHAREDâœ¨

â€¢1 MONTH FULL WARRANTY -  80 PHP
â€¢3 MONTHS FULL WARRANTY - 210 PHP

ğŸ’µMOP: GCASH &amp; PAYMAYA/ GLOBELOAD + 40",1
207,"SELLING NETFLIX SOLO AND SHARED ACCOUNTSâ€¼ï¸â€¼ï¸

1 MONTH SOLO-190 PHP 
1 MONTH SHARED- 55 PHP

  âœ“ Full Warranty
  âœ“ LESS Hold/Wipe Out
  âœ“ Private Domain
  âœ“ Legally Paid

ğŸ“© DM TO AVAIL",1
208," SELLING NETFLIX SOLO AND SHARED ACCOUNTSâ€¼ï¸â€¼ï¸

SOLO-190 PHP 
SHARED- 55 PHP

  âœ“ Full Warranty
  âœ“ LESS Hold/Wipe Out
  âœ“ Private Domain
  âœ“ Legally Paid

ğŸ“© DM TO AVAIL",1
209,"_ SELLING NETFLIX SOLO AND SHARED ACCOUNTSâ€¼ï¸â€¼ï¸

SOLO-190 PHP 
SHARED- 55 PHP

  âœ“ Full Warranty
  âœ“ LESS Hold/Wipe Out
  âœ“ Private Domain
  âœ“ Legally Paid

ğŸ“© DM TO AVAIL",1
210,need CV tsel ke dana ada ga ğŸ¥º,1
211," kakak td nanya soal disney + ya kak? bisa kok kak, tapi ga tau knp ini aku ga bisa bls dm kakak ğŸ˜­ğŸ™ğŸ»",1
212,"aku open ya hari ini ğŸ¥º selain app premium ada pulsa tsel juga yaa !!
â€¢
â€¢ 
JUAL APP PREMIUM DAN PULSA MURAH â—ï¸
- netflix
- viu
- wattpad
- disney + hotstar
- youtube premium
- spotify
- apple music
- pulsa tsel ( limited â—ï¸ )

payment : dana/gopay/ovo
order atau nanyaâ€? dm ğŸ“© ",1
213,"jual pulsa tsel murah â—ï¸â—ï¸
â€¢
â€¢
wah kapan lagi ini bisa beli pulsa murah begini, ayo buruan soalnya ini terbatas banget ğŸ¥º  yang mau bisa 
langsung dm ya ğŸ“© ",1
214,"beberapa testi buat hari ini ğŸ¥ºğŸ™ğŸ»
makasih yang udah order disini fix tambah cakep ğŸ˜Œ  
besok aku open lagi ya dan bsk ada yg baru nih, apa ya apa ya itu, pokoknya besok check profile ku ğŸ˜  
â€¢
â€¢
selamat malam semuanya âœ¨ ",1
215, bisa pake email sendiri kok kak tapi maaf ada kenaikan harga jadi 25 k ğŸ¥ºğŸ™ğŸ»,1
216,"beberapa testi dari customer ğŸ¥º 
apa iya ga mau order disini ğŸ˜ 
â€¢
â€¢
jual app premium murah â—ï¸
-  netflix (sharing sebulan &amp; dua bulan âŒ)
-  viu 
-  wattpad (19 k -&gt; 25 k )
-  youtube premium
-  spotify
-  disney + hotstar
-  apple music ( buat ios 14 close order dlu ya ğŸ¥º) ",1
217,"jual app premium murah â—ï¸
- netflix âœ…( private sebulan âŒ dua bulan sharing âŒ)
- viu âœ…
- wattpad âœ…  19 k -&gt; 25 k ğŸ¥º
- spotify âœ…
- youtube premium âœ…
- disney + hotstarâœ…
- apple musicâœ…

âœ… = open order
âŒ = close order

payments via ovo/dana/gopay
(pulsa tsel âŒ) ",1
218,"open order ya ğŸ¥º
â€¢
â€¢
â€¢
JUAL AKUN PREMIUM MURAH â—ï¸
- netflix
- viu
- disney + hotstar
- spotify
- apple music
- wattpad
- youtube premium

payments via dana/ovo/gopay/tsel(+7k)

mau tanyaâ€ atau mau order? langsung dm aja ya ğŸ“© ",1
219,masihh ada kok netflix sharing sebulan nya ayoo langsung aja mumpung 28 k aja ğŸ˜Œ langsung dm ajaa,1
220,"ada netflix sharing sebulan ready tinggal satu slot aja nih buat hari ini, aku ksih 28 k aja ğŸ¥º yang mau langsung dm aja ya",1
221,"testi 6 
makasih buat yg order sama kita ğŸ¥ºâ¤ï¸ ",1
222,"open order guyss ğŸ¥ºğŸ‘‡ğŸ»ğŸ‘‡ğŸ»ğŸ‘‡ğŸ»
â€¢
â€¢
jual app premium murah â€¼ï¸
- netflix 
- viu
- disney + hotstar
- spotify 
- wattpad âŒ
- apple music âŒ
- youtube premium

order? dm ğŸ“© ",1
223,"beberapa testi dari customer 5 ğŸ¥ºğŸ™ğŸ» makasih yangg udah order sama aku ya ğŸ¥ºğŸ¥ºğŸ¥º
hari ini kita close dulu ya ğŸ˜ŠğŸ™ğŸ» ",1
224,,1
225, aku kakk,1
226, pacaran,1
227,"aku bsk closed dulu ya teman2, lagi banyak urusan jd ga sempet on laptop:""",1
228,": Ada saldo 50rb nih

ini dan Rep tweet ini 
follow saya

Selesai jam 11 malam ini wib

Good luck",1
229, doneeee,1
230,aku nge ba ternyata udh 4bulan ga nyangka :â€),1
231,katalog 150 designnyabulan pl ,1
232," ternyata akunya di tangguhkan, dah bayar yg pertama yg skrg lum",1
233, cuma pl sih tp mayan juga hmm,1
234,kayanya design aku dibawa kabur lagi dan blm bayar dah orgnya tbtb dm nya hilang ğŸ¤§ğŸ¤§,1
235," bisa di aku ya kak, 5k/design",1
236,    bismillahğŸ™†ğŸ»â€â™€ï¸â¤ï¸ ,1
237,": $500 atau 7jt atau PS 5 untuk 1 orangğŸ™€

Cukup follow aku dan; 

1. 

2. 

3. 

Jikaâ€¦",1
238,  bismillah ya Allah ,1
239,": FAST GIVEAWAY 700K! âœ¨
Diundi dalam 12 jam aja ğŸ˜»

700k atau bisa diganti Album dibawah ini untuk 1 orang pemenang. Cukup follâ€¦",1
240,"_: tentang pengenalan singkat dan perpisahan panjang. tentang kita dan hal-hal yang tidak bisa ada di sana.

""akhir pertunjukan""â€¦",1
241,": The best use of technology is to improve quality of life.

This blind runner worked with  to develop an app that letâ€¦",1
242,": Kalo masih ada yang nyalahin pakaian korban pelecehan seksual, kamu harus nonton video ini sampai habis!

Buatku, pelecehaâ€¦",1
243,: Here is how Finland is designing the perfect school ğŸ‡«ğŸ‡® ,1
244," Holla bro and sist, kamu lagi nyari yang pedes-pedes dan praktis? Nah pas banget ada Sambal Tabur Bonceng Rocket nih, ada 4 varian lohh, teri, ebi pedas sedang dan ekstra pedes bagi pencinta pedes. Jangan ngaku tahan pedes kalo belum coba Bonceng Rocket! ig __TANGERANG ",1
245," Holla bro and sist, kamu lagi nyari cemilan ? Pas banget nih Kue Katjang Mede In Djakarta cocok buat nemenin kamu nugas sekaligus nyantai-nyantai sambil minum kopi sambil nunggu balasan chat doi yang tak kunjung di balasss. Harga terjangkau, Yuk kepoin ignya __TANGGERANG ",1
246,_: Buruan ksh link cerita bagus kalo cocok gue boomvote /wp/,1
247, Alhamdulillah bersyukur!,1
248,"_ udah baca, awalnya kesel tapi setelah punya anak, jadi bapakable banget",1
249,"25 M duid semua kan yaa ? Mending beli Kue Katjang pakk terus bagiin dah ketauan berfaedah dapet pahala lagi pakkkkğŸ˜…

ig: mab__tangerang 

mab onlineshopping ",1
250,"_ Semua karya kak Marronad bagus-bagus! 
Albarisus
Are we getting married yet 
Under the kitchen table",1
251," dua belas dua belas,
kamu selingkuh, aku hempas~

Pantun1212",1
252,: The best use of technology is to improve quality of life ,1
253,: Bukannya checkout barang malah checkout emosi.,1
254,promo 12.12 gaesss ,1
255,"[ open jasa co / top-up paypal ] _id

ğŸ’¸Rate 14.000

Ready 70$
âœ… Send fnf
âœ… CO web
Take all rate 13.900 ;)
Untuk CO payment boleh setelah CO:)

Testi? .yumna_paypal
tag checkout web usd ktown4u ktown withdrama weverse gmarket yes24 cv wd withdraw zonauang zonabu",1
256, Aku ready 70$ rate 14k,1
257," Mungkin bisa calculate dlu harga won dan USD nya kakØŒ, klo USD rate 14k/$",1
258, Rate 14k no fee sisa 22$,1
259, Akuu,1
260,Semuanya akan wts pada waktunya,1
261,"Saldo sisa 22$ yuk ditake~~

Yang mau CV yuk dm ğŸ˜‡ğŸ˜‡ğŸ˜‡",1
262," Di toko buku coba, yellow board kan? Di shopee jg ada",1
263," Open dispute nder, coba kamu search google cara dispute paypal",1
264,Yok semangat nyari uang halalğŸ˜‡ğŸ˜‡ ,1
265, 13500/$ yuk,1
266,": Buat para scammer hati2 aja ye kalian, UMUR ga ada yg tau. Konsumsi uang haram mungkin enak di awal bagi kalian. Mendingâ€¦",1
267, Udah kemakan uang haram makin santuy bgt ngelakuin hal haram. Ga paham lagi dahh,1
268,": HELP RTâ—ï¸

â—ï¸â—ï¸â—ï¸SCAMMER ALLERTâ—ï¸â—ï¸â—ï¸
HATI - HATI PENIPU DENGAN MODUS JASA TRANSFER WON 

Akun 

Denganâ€¦",1
269, Rate 14k saldonya tinggal dikit hehe,1
270, ,1
271,"  marii..ready netflix sharing 1 bulan, tf langsung dapet akun ga pake lama, 100% legal full garansi fresh billing murah berkualitas dan app premium lainnya adminnya baik tidak sombonk fast respon trusted no tipu tipu club 
",1
272,"_yulianaa marii..ready netflix sharing 1 bulan, tf langsung dapet akun ga pake lama, 100% legal full garansi fresh billing murah berkualitas dan app premium lainnya adminnya baik tidak sombonk fast respon trusted no tipu tipu club 
",1
273,"602 marii..ready spotify murah berkualitas dan app premium lainnya adminnya baik tidak sombonk fast respon trusted no tipu tipu club 
",1
274,"10 marii..ready spotify murah berkualitas dan app premium lainnya adminnya baik tidak sombonk fast respon trusted no tipu tipu club 
",1
275," marii..ready netflix sharing 1 bulan, tf langsung dapet akun ga pake lama, 100% legal full garansi fresh billing murah berkualitas dan app premium lainnya adminnya baik tidak sombonk fast respon trusted no tipu tipu club 
",1
276," marii..ready netflix sharing 1 bulan, tf langsung dapet akun ga pake lama, 100% legal full garansi fresh billing murah berkualitas dan app premium lainnya adminnya baik tidak sombonk fast respon trusted no tipu tipu club 
",1
277,"_pahitku marii..ready netflix sharing 1 bulan, tf langsung dapet akun ga pake lama, 100% legal full garansi fresh billing murah berkualitas dan app premium lainnya adminnya baik tidak sombonk fast respon trusted no tipu tipu club 
",1
278," marii..ready spotify murah berkualitas dan app premium lainnya adminnya baik tidak sombonk fast respon trusted no tipu tipu club 
",1
279," marii..ready spotify murah berkualitas dan app premium lainnya adminnya baik tidak sombonk fast respon trusted no tipu tipu club 
",1
280, tf langsung dapet akun ga pake lama,1
281," marii..ready netflix sharing 1 bulan, tf langsung dapet akun ga pake lama, 100% legal full garansi fresh billing murah berkualitas dan app premium lainnya adminnya baik tidak sombonk fast respon trusted no tipu tipu club 
",1
282," marii..ready netflix sharing 1 bulan, tf langsung dapet akun ga pake lama, 100% legal full garansi fresh billing murah berkualitas dan app premium lainnya adminnya baik tidak sombonk fast respon trusted no tipu tipu club 
",1
283," marii..ready viu 6 bulan murah berkualitas dan app premium lainnya adminnya baik tidak sombonk fast respon trusted no tipu tipu club 
",1
284,"10 marii..ready netflix sharing 1 bulan, tf langsung dapet akun ga pake lama, 100% legal full garansi fresh billing murah berkualitas dan app premium lainnya adminnya baik tidak sombonk fast respon trusted no tipu tipu club 
",1
285,Menerima Jasa Photography Purwokerto Wisuda Akbar: Menerima Jasa Photography Purwokertoâ€¦ ,1
286,Cara Official Development Pekalongan Server: Cara Official Development Pekalongan Serverâ€¦ ,1
287,Jasa Video Editor Berkualitas Wedding: Jasa Video Editor Berkualitas Wedding - Jasa Programâ€¦ ,1
288,Jual Trading Tegal Murah: Jual Trading Tegal Murah - Jasa Video Shooting Tegal Jual Tradingâ€¦ ,1
289,Service Ppob Bagus Brebes: Service Ppob Bagus Brebes - Jasa Video Shooting Tegal Serviceâ€¦ ,1
290,Mengerjakan Vlog: Mengerjakan Vlog - Jasa Video Shooting Tegal Mengerjakan Vlog Untukâ€¦ ,1
291,Mengerjakan Jateng Aplikasi Penggajian Murah: Mengerjakan Jateng Aplikasi Penggajian Murahâ€¦ ,1
292,Cara Official Development PastiIn Randu Dongkal Logo: Cara Official Development PastiInâ€¦ ,1
293,Drone Pemalang Wedding: Drone Pemalang Wedding - Jasa Pembuatan Website Tegal Droneâ€¦ ,1
294,Cara Internet Marketing Bagus Cirebon: Cara Internet Marketing Bagus Cirebon - Jasaâ€¦ ,1
295,Mengerjakan Program Rumah Sakit PastiIn Brebes: Mengerjakan Program Rumah Sakit PastiInâ€¦ ,1
296,Jasa Pembuatan Adsense Bagus Randu Dongkal: Jasa Pembuatan Adsense Bagus Randu Dongkalâ€¦ ,1
297,Smik Pemalang Pernikahan Rekam: Smik Pemalang Pernikahan Rekam - Jasa Pembuatan Websiteâ€¦ ,1
298,Mengerjakan Aplikasi Toko Official Development Pemalang: Mengerjakan Aplikasi Toko Officialâ€¦ ,1
299,Jasa Membuat Android Developer Official Development Semarang: Jasa Membuat Androidâ€¦ ,1
